Country,1970,1971,1972,1973,1974,1975,1976,1977,1978,1979,1980,1981,1982,1983,1984,1985,1986,1987,1988,1989,1990,1991,1992,1993,1994,1995,1996,1997,1998,1999,2000,2001,2002,2003,2004,2005,2006,2007,2008,2009,2010,2011,2012,2013,2014,2015,2016
Afghanistan,,,,,,,,,,,,,,,,,,,,,,,,,,,,,,,,,,,,,,,189.1583096,324.334602,328.3978494,257.601848,193.4711828,281.8661563,243.5160167,144.052292,102.474432
Albania,,,,,,,,,,,,,,,,,,,,,,,,,,,,,,,,,,4.1357281,4.8637404,6.511798046,26.53213203,9.94,15.89321747,10.04259283,24.18168904,21.20931197,43.50584811,190.6122689,178.677727,153.34,147.13
Algeria,,,,,,,,83.920974,113,131,165,150,126,157,141,131,101,82.272423,53.256539,38.377835,31.481969,22.032304,,,,,,,,,,,,,,27,35,48.86373265,26.78254516,45.70240584,27.97137575,30.90160494,44.24261892,38.7158102,52.84956417,74.82592,
American Samoa,,,,,,,,,,,,,,,,,,,,,,,,,,,,,,,,,,,,,,,,,,,,,,,
Andorra,,,,,,,,,,,,,,,,,,,,,,,,,,,,,,,,,,,,,,,,,,,,,,,
Angola,,,,,,,,,,,,,,,,79,89,77,71,104,150,124.5,121.637,132.9,148.9,209.275,174.091,179.96,202.12,263.26,266.43,216.23,223,229.92097,297,214.9052159,412.666785,602.6714513,669.453676,715.9620158,714.458886,564.2615417,523.1989547,670.2787402,2746.615873,1252.908992,
Antigua and Barbuda,,,,,,,,,,,,,,,,,11.1481481,10.925926,4.3148149,9.4740741,6.3111111,,,10.981481,8.3962963,7.85925931,2.0518519,1.1111111,1.0851852,1.5818519,1.5581481,1.5644444,1.4114815,1.4892926,1.566737,1.670140741,1.837154815,2.13110037,2.367652222,2.122362963,2.06696,2.047116296,2.157660741,2.22244815,,,
Argentina,,,,,,,,,16,28,36,27,18,19,22,18,20,21,,,,,142.4,163.3,176.5,194.9,207.1,231.9,246.9,250,268.2,255.9,119.55,180.04,234.92,314.01,355.57,462.54,630.14,767.0340641,1037.765446,1137.054506,979.2059223,893.9934866,743.1489351,685.001376,833.445536
Armenia,,,,,,,,,,,,,,,,,,,,,,,,,,,17,5.34,3.21,12.35,4.7,20.536,24.0538,26.912,137.907,207.3690581,182.0599332,238.8327307,223.5974669,180.4945158,227.4298764,300.3941935,314.7886918,355.2978613,390.5899788,363.78848,358.015504
Aruba,,,,,,,,,,,,,,,,,,,,,,20.2793297,7.094972,7.0949721,8.1005586,8.547486,7.93296088,10.55865921,16.59217853,32.4078214,48.77653684,49.13407814,51.8379892,60.1508371,61.0279332,61.93074494,71.86417126,73.0726257,75.6424581,72.96089386,64.91620111,63.91061452,67.82122905,66.59217877,70.22346369,74.9720685,
Australia,66.080011,83.962072,122.832305,194.380468,213.19839,221.955414,211.998207,209.027446,246.848771,274.383186,304,365,365,381,403,312,292,341,428,555,674,653,565,533,587,701,872,951,966,1055,1053,1059,1219,1777,2253,1531.079216,2051.227219,2980.870874,3366.427027,3224.401181,4655.461396,6597.638172,7288.016963,6966.095311,6646.922776,6013.698752,6376.759104
Austria,24.6923072,46.5966974,98.605589,182.0855804,271.4622949,244.0662988,232.5968047,238.989416,187.121684,231.558022,334.355184,285.897341,265.973598,214.842139,195.0964,190.024231,224.234903,229.050319,251.1343,302.037571,319.940137,415.598208,206,289,292,1485,1452,1303,1319,1370,1298,1422,1518,1874,2226,2119.578269,2301.257853,2592.561158,2985.151474,2906.772817,2990.633136,3620.474705,3451.974791,3895.857836,4410.151058,3885.593728,4128.131712
Azerbaijan,,,,,,,,,,,,,,,,,,,,,,,,,,9.31,14.861,19.039,30.272,77.03,100.962,141.882,234.678,169.284,200.746,239.397,274.348,404.535,567.345,638.101,953.589,1279.63,2072.681,1902.602,2031.324,1293.019008,740.236016
"Bahamas, The",,,,,,,26.5,29.2,38.9,27.2,41.7,30.5,35.2,26.7,32.4,33.7,32.2,39.5,47.4,39.7,46.4,55.1,38.6,36.7,39.6,44.2,57.6,49.7,51,61.6,72.6,74.95,82.19973,100.12,119.25,83.96435,100.29,94.99,65.92482,63.34,88.04,119.727,139.704,138.725,150.819241,178.800144,193.848524
Bahrain,,,,,,263.359039,292.934456,347,449,322.549169,329.755909,368,373,345,384,778,716,673,669,694,332,369,336,396,431,500,559,635,725,856,1010,1290,872,1080,1120,1223.404255,1530.851064,1482.771277,1774.489021,1390.957447,1641.755319,2050,2074.468085,2165.957447,2364.361702,,
Bangladesh,,,,,,,0.72044268,0.51729878,0.26649179,0.19512969,0.3920024,0.22306671,0.13317151,0.16251128,0.1964707,0.41530556,,,,,,,,,,,0.79050663,1.71424957,2.5572656,3.7048572,4.3782167,3.6997068,5.734841,7.0685622,7.7432077,4.963747062,3.322209509,2.809832242,14.33065712,7.791556369,9.418584307,11.61273171,11.74174026,19.55359715,32.52136143,32.102747,41.76129325
Barbados,0.55,0.35445261,0.41638892,0.8166513,0.43833355,0.39626194,0.1,0.65,0.65,0.75,0.7,0.8,0.55,0.5,0.85,0.75,0.8,4.5,3.65,7,6.25,7.7,8.8,9.55,11.25,15.45,20.35,16.25,17.7,18.95,19.15,20.3,20.1345,21.713,18.25,40.7941467,35.778093,55.28671296,39.01896667,37.17001589,34.80727453,56.72626154,36.32546332,46.36599924,,,
Belarus,,,,,,,,,,,,,,,,,,,,,,,,3.5,17,11.9,191.6,140.7,111.1,96.7,58.4,76.7,67.7,65,81.6,52.2,70.4,103.2,171,133,115.7,133.8,141.7,150.8,181.2,162.3,120
Belgium,,,,,,,,,,,,,,,,,,,,,,,,,,,,,,,,,1843,2326,2620,2427.151797,2563.596832,3202.189117,4124.201784,4479.40813,4184.879038,4556.454348,4238.761226,4488.28797,4507.729728,3791.32448,3857.847936
Belize,,,,,,,,,,,,,,,6.8,6.4,4.65,5.35,6,6,7.15,5.7,6,6,6.5685,6.8815,8.425,10.015,8.95,7.259381,10.53900691,17.2902951,17.765324,20.65304377,18.7871751,19.33223798,20.60862834,21.45497541,27.97757104,22.5089222,21.99180771,23.52936144,26.32684622,31.52321767,33.26979751,41.161362,45.202219
Benin,,,,,2.6879412,2.6643286,1.3308196,1.2088912,1.5111507,1.8427838,2.1204134,1.8989337,23.7731327,22.2953487,28.6939205,11.1293394,2.8876204,3.3273822,15.51696383,15.15133,20.68758192,20.727603,21.149125,21.458697,23.25178469,26.48450693,33.6153226,17.0644553,29.87701856,5.9347169,8.8795094,10.2586698,6.6170417,5.66241954,6.20877213,33.5280912,60.7909758,107.5455297,74.31355391,69.94696934,63.37867221,61.5512306,87.74695182,101.0337953,144.1712666,98.177445,
Bermuda,,,,,,,,,,,,,,,,,,,,,,,,,,,,,,,,,,,,,171.58,177.9472282,190.9151022,212.5640011,238.6230658,215.4244938,217.1486458,218.7841772,224.1470869,224.359804,229.855048
Bhutan,,,,,,,,,,,,,,,,,,,,,,,,,,,,,,,,,,,,,75.02249103,60.50340368,61.00791624,47.65021522,70.77976567,92.28327405,73.76518232,57.94982929,52.11952198,54.958722,52.52625
Bolivia,,,,,,,1.8,2,2.2,2,2.4,2.2,2.3,2.3,2.2,3.3,5.1,4.2,7.1,7.7,7.7,8.6,8.9,9.5,9.8,9.2,13,12,15.1,32.1,37,36.38,37.88,45.78141,50.586783,66.71982004,73.24033647,78.91228945,105.8834496,103.47,101.7840717,117.2585635,147.1126723,172.1588142,180.1370439,210.175748,229.3823975
Bosnia and Herzegovina,,,,,,,,,,,,,,,,,,,,,,,,,,,,,,,2.350912,10.8073412,14.0092757,20.0216138,62.067341,39.99345004,54.51013099,65.39781904,55.2927392,55.05585187,46.44015907,51.68011414,46.84696126,48.44504904,51.82957924,59.953622,61.705107
Botswana,,,,,,3.9215278,36.800009,40.619523,34.293015,16.8096785,25.8612369,29.04133733,25.5423918,22.6086384,24.03006815,15.66305203,22.03130629,1.1316658,,36.42886345,118.8949537,118.9677264,139.733852,132.7239151,145.7548114,200.106454,98.219219,131.534136,130.110178,135.174431,147.300496,139.316899,143.593046,205.416014,120.422664,107.1668525,97.30541807,98.65554103,56.26354687,59.50372467,85.47379643,106.3361175,107.4950979,80.82898704,88.57478894,78.532494,69.991496
Brazil,,,,,,108,103,114,147,27,152,154,168,19,5,6,10,10,7,9,12,22,34,203,252,347,409,375,444,330,365.663,709,360.471,333.214,401.115,373.953,529.306,562.634,813.083,730.8961,1023.656775,1123.817122,1063.670887,1150.189009,1538.775898,1339.086904,1385.076056
Brunei Darussalam,,,,,,,,,,,,,,,,,,,,,,,,,,,,,,,,,89.225732,96.975674,354,375.5746789,405.4664937,430.2853466,420.360159,444.8174386,,,,,,,
Bulgaria,,,,,,,,,,,,,,,,,,,,,,,,,,,33.5,15.5,3.4203386,3.8172298,25.957719,26.957169,14.492716,12.586214,29.436636,35.45228533,49.57745277,102.6054217,161.810952,101.2499286,20.33,23.55,27.63,161.95,169.06,150.83,166.7
Burkina Faso,,,,,13.680665,31.015398,30.2614987,40.51617,34.3487649,39.3942042,51.9311964,45.4198436,35.5105843,39.7831312,35.5298391,40.7578667,49.26858,58.355629,56.955184,56.073776,80.855112,70.661155,70.100396,61.805483,50.952379,,,,,,44.5071015,44.0317931,50.0969743,77.183372,79.165631,83.82686348,86.0773596,93.19861426,99.61249773,99.30826227,111.7879441,41.98224753,71.42421516,148.9109271,160.3410244,,
Burundi,,,,,,,,,,,,,,,,8.54249392,6.9982694,8.7970725,5.94038252,5.37605044,5.83923132,5.04097287,7.67152928,7.1916962,4.1240786,5.27711883,4.81260464,2.40101603,2.18261405,2.092225823,2.470883674,2.391391606,3.27950867,4.2164379,0.96239441,0.193606158,0.206185857,0.225443049,0.241799963,1.114227941,4.957959182,6.163321192,5.235126899,6.97849912,14.84605803,21.031068,
Cabo Verde,,,,,,,,,,,,,,,,,1.080542599,1.43088122,2.2843861,1.79832577,1.83032352,3.04964412,4.71789766,3.66856251,2.74597284,5.16568352,3.4802627,5.23747,0.41255244,0.46919388,0.462972111,0.28270142,1.52254828,7.19654951,11.97097064,5.168676182,5.720330737,6.026453148,10.01375838,11.83287984,7.964018419,8.621391407,9.882716116,9.8498966,11.38533074,14.20480975,26.89089
Cambodia,,,,,,,,,,,,,,,,,,,,,,,14.1,14.9,38.4,52,77.2,38.8,136.17704,121.923277,103.8379,110.334548,133.0233,109.48921,129.405966,128.4905,120.2405,118.3965,170.6275,159.2871319,170.5129639,149.9341522,133.5406909,180.6103567,218.8895524,251.464152,252.466904
Cameroon,,,,,,,,10.908513,20.119132,37.090725,101.76091,101.4604666,98.0504779,117.6420667,106.3412924,139.081541,134.8756618,137.0855387,160.314488,114.563988,110.884702,95.3539214,135.376374,106.5112486,62.229301,22.3380453,37.081634,39.8254573,33.510027,28.118441,29.980072,41.73928085,55.576407,56.73826958,42.170435,56.17590447,91.6712692,89.56389543,56.34815512,129.9465935,54.17977987,80.61184913,72.90503752,65.11213173,82.11725751,75.577036,
Canada,,,,,,,,,,,,,,,,,,,,,,,,,,,,,,,,,,,,3260.706885,3286.652721,4566.586209,4859.367364,4657.241478,5290.184985,5556.135644,5630.387989,5704.383062,5685.066422,4867.037696,4738.534784
Cayman Islands,,,,,,,,,,,,,,,,,,,,,,,,,,,,,,,,,,,,,,,,,,,,,,,
Central African Republic,,,,,,,,11.33589865,14.82345763,10.511389,19.60909084,15.78396583,17.71420927,16.73988039,15.264672,15.051319,24.230023,28.944898,33.013459,31.18414186,35.98702622,35.199422,34.591173,35.9687357,27.37729,,,,,,,,,,,,,,,,,,,,,,
Chad,,,,,,,,11.506853,8.3224074,8.54638,4.113034,0.59249674,0.66340795,2.9627411,,10.519452,17.663574,25.324706,35.219281,31.199815,38.932688,38.80089353,46.90360587,40.94820756,15.42133906,,,,,,,,,,,,,,,,,,,,,,
Channel Islands,,,,,,,,,,,,,,,,,,,,,,,,,,,,,,,,,,,,,,,,,,,,,,,
Chile,,,,,,,,,,,70,93,81,14,14,13,12.1,14.2,14.1,17.6,7.2,,,,,,14,20.5,15.808,14.4,15.6,15.7,15.9,15.3,15.2,16.2,5.7,5.7,5.7,5.6,1.6,0.21,224.7860394,308.0209311,280.1038232,295.156,296.11136
China,,,,,,,,,,,,,3,2,2,3,3,3,4,3,5,18,15,15,19,,,219,319,619,789.212,990,1222.631418,1597,1996,1817.41369,2329.992813,2493.058145,2736.390791,2051.656434,1455.455375,1618.147148,1788.058506,1714.202599,4155.302052,20421.77843,20285.99501
Colombia,13,13.03874,15.19994,14.30556,14.43168,16.9981,19.62684,21.01536,16,20,39.0459,53.0622,35.32832,48,72,98,31,32,14,17,44,105,79.2,84.9,145.7567976,149.9876505,140.1243145,112.029279,151.220538,247.222925,219.252647,204.367507,157.548259,64.95291,50.532704,56.16140361,65.52690596,95.05691252,88.29170277,92.23173456,112.3543029,117.3852884,127.5085677,147.0586528,204.017057,109.869632,45.526214
Comoros,,,,,,,,,,,1.5193269,0.7433873,4.7717086,3.9940922,5.1195442,4.9080803,6.7859655,5.9227905,4.2639529,5.2318831,4.4332219,6.3664347,11.035569,5.3609233,6.0470872,3.5046751,,,,,,,,,,0.399392006,0.407988641,0.455139455,0.664395165,0.591913796,0.785844568,0.894159004,0.826446441,,,,
"Congo, Dem. Rep.",,,,,,,,,,,,,,,,,,,,,,,,,,,,,,,3.1392,5.7285,6.65,5,27.9,32.3,31.5,26.4,37.4,30.9,57.2,39.6,55.30622208,135.9124352,95.05215125,17.422244,
"Congo, Rep.",,,,,,,,,9.4302891,18.36202479,39.142453,22.470715,23.916161,30.498651,34.168148,34.204912,38.97132535,53.07174529,55.24961695,40.437819,55.460716,52.462381,53.2695,45.203713,23.234674,27.3886468,38.4261686,34.5503826,34.5875734,45.767484,36.5363298,31.5890638,34.8642915,39.2291597,49.405168,,,,,,,,,,,,
Costa Rica,,,,,,,,,,,,0.5,0.6,0.6,0.7,0.7,0.8,0.8,,,,,,,7.1,35.5,46.02,67.18,92.95,122.453549,142.276147,140.675,147.422332,192.289749,191.626555,209.02905,246.3434294,271.4142814,268.618172,238.5982,259.382912,290.5433583,346.0354328,402.6046371,419.2228292,407.784064,416.129208
Cote d'Ivoire,,,,,,191.932327,294.603464,351.5125449,463.7609849,637.403413,786.522678,504.2002599,399.520836,328.9223381,298.781092,286.7905376,431.6201927,513.644052,528.436883,412.792745,471.222422,446.369302,457,430.241466,355.4091,457,523.683837,495.678411,516.850203,498.509357,390.121157,380.06081,573.908379,627.624906,591.398352,596.9706499,660.4485219,698.3480019,755.629134,743.4078602,725.585317,727.6124089,694.4846683,736.0723919,,649.507976,
Croatia,,,,,,,,,,,,,,,,,,,,,,,,,,,16.4356016,39.5545497,40.5163071,46.6547821,43.9415136,46.4984499,66.7038849,98.483956,99.8666659,137.6132751,183.4581871,237.0470553,267.2291754,235.2036584,235.9450882,248.6645831,247.4401564,267.4006726,297.4137127,275.480862,278.36752
Cuba,,,,,,,,,,,,,,,,,,,,,,,,,,,,,,,,,,,,,,,,,,,,,,,
Curacao,,,,,,,,,,,,,,,,,,,,,,,,,,,,,,,,,,,,,,,,,,132.8826816,135.1955308,117.0223464,121.0391062,130.2067045,127.391062
Cyprus,,,,,,,4.1413346,3.4303504,4.5513862,7.053303,9.0638287,7.355894,7.7831506,6.6458963,5.6085644,6.2035518,6.9478878,7.2750465,10.929458,9.7043231,12.006639,18.302064,23.801654,24.527288,33.726744,47.522196,53.61226,50.593763,52.141109,52.491239,62.65975,100.768947,116.5847374,201.952434,255.162484,240.6745365,239.5276892,304.737446,817.3555278,694.2698181,952.1998178,894.8870494,760.0341721,741.7862199,833.1507041,677.449032,730.559956
Czech Republic,,,,,,,,,,,,,,,,,,,,,,,,6.2499977,55.021464,100.3267625,302.4575084,341.2918162,744.7479393,641.7873779,604.9786658,718.0271097,898.1770329,1102.5669,1435.187032,1162.525512,1460.348168,2075.208552,2586.100789,2044.602212,1496.982253,1522.13785,1334.625944,1079.19862,1523.333419,1376.39232,1658.604736
Denmark,,,,,,,,,,,,,,,,,,,,,,,161,160,200,209,,370,346,694,662,745,860,1030,1230,1487.555951,1766.145536,3019.568954,3976.524431,3425.209651,2825.629395,3133.676451,2949.388021,3059.890597,3171.052342,2774.151424,2900.013312
Djibouti,,,,,,,,,,,,,,,,,,,,,,,,,,,,0.36574181,1.3560581,1.496728,1.7611875,1.7780679,1.6880391,4.8390455,4.6702416,4.670241558,4.726509529,4.698375544,5.120385323,5.789974173,11.61933593,12.85723128,12.40708751,12.68842737,13.7293977,12.097682,
Dominica,,,,,,,,,,,,,,,,,4.37037033,1.96296293,1.81481483,2.09999995,1.61481486,1.7592593,1.60370372,1.500000019,2.296296344,0.262962962,0.181481483,0.244444442,0.133333337,0.133333337,0.137037041,0.135925927,0.130307403,0.134074076,0.14088148,0.007144444,0.00742963,0.007896296,0.008055556,0.008085185,0.008016296,0.008038889,1.616552222,1.70158889,,,
Dominican Republic,,,,,,,,,,,,,,,,,,,,,,,,10.2,7.4,7,8.9,7.6,18.5,17.8,19.3,21.7,22.5,22.9,23.9,24.7,26.6,28.2,34.5,26.9,519.3,565.5,565.2,559,574.8,585,644
Ecuador,,,,,,,23.6,24.8,11.5,43.4,66.9,66.2,125,86,122,114,167,147,188,175,2,3,3,3.01,5,4,9,4.4,5.01,5,6,6.9326731,7.2812531,6.5046942,6.5,54.020037,62.4556271,83.15561815,65.59744357,95.34786585,135.9711525,148.3750735,154.0120397,167.2682111,195.9150637,291.533653,302.374313
"Egypt, Arab Rep.",,,,,,,,,,,,,,,,,,,,33.181818,26.5,33,233,140,255,223,142,344,108,38.8,32,34.7,14.4,79.1,12.8,57.2,135,179.6,241.3,254.8,304.8,292.9,292.7,354.9,351.4,622.700032,352.2
El Salvador,,,,,,,6.4,14.76,20.88,24.12,9.12,2.08,6.8,6.8,7.28,3.44,0.55645436,0.52,3.7,4.04,2.8036019,2.3825364,0.35881591,0.2298188,0.11456394,,1.4848658,,0.34266134,7.2,19.6,26.1,22.1,24.8,32.8,24,27.98,27.53,18.5,20.033,22.092947,27.19239003,26.89727814,27.67816554,51.0517282,74.340146,147.466076
Equatorial Guinea,,,,,,,,,,,,,,,,,,,,,,,,,0.3314093,,,,,,,,,,,,,,,,,,,,,,
Eritrea,,,,,,,,,,,,,,,,,,,,,,,,,,,,,4.1987748,1.2656912,1.3095576,,,,,,,,,,,,,,,,
Estonia,,,,,,,,,,,,,,,,,,,,,,,0.320204416,0.180915532,0.75994536,3.48954861,2.19288053,4.57659423,3.1522812,3.3589214,3.0382264,2.23740498,4.758523,18.5391541,26.462866,50.40494381,75.42194822,92.62725009,97.91199254,92.35336673,123.301893,113.4658734,113.2065822,100.2960716,113.8537956,90.268534,122.676356
Ethiopia,,,,,,,,2.41545898,0.9178744,0.6763285,0.57971015,0.6763285,0.28985507,0.48309179,0.33816425,0.82125604,0.53140097,0.86956521,0.434782607,0.869565217,,0.38647343,0.7363285,0.42,0.3491586,0.24360357,1.08458509,5.2375725,4.25955484,3.4490044,12.556901,14.023478,16.578458,17.26699986,9.2237448,16.39950105,14.13104159,14.56767284,21.30398975,26.54956524,66.31163901,20.98163332,21.77951921,,,14.437634,29.86954
Faeroe Islands,,,,,,,,,,,,,,,,,,,,,,,,,,,,,6.92,6.15,5.74,13.41,9.64,5.11,5.3342674,18.33538656,23.41769647,33.37120565,41.01765055,31.36311766,31.02907716,34.40421483,,,,,
Fiji,,,,,,,,,,9.8834182,10.34274501,12.321171,8.1505827,8.672393,8.2209749,11.009453,14.123473,13.667151,12.165634,21.101124,21.540834,25.278581,22.08929,23.28485,28.412875,29.509362,40.048457,36.365525,37.597832,40.413784,25.57082966,23.6604282,19.7686064,26.2569391,41.982226,7.870730217,9.760247869,9.143560268,12.8729735,7.166443221,9.632095817,10.52142644,8.225960659,8.4694411,10.66046084,9.09367325,
Finland,,,,,,6.7929732,8.2807235,11.6407833,13.1516286,13.1360228,14.7490962,12.016345,12.2888732,12.3843946,11.1459523,12.3764218,6.3168622,7.2879223,9.5743968,5.5935056,15.7209,58.52876,34.072172,35.023239,41.520259,54.089789,54.874347,88.702318,104,111,99.717315,96.682238,113,149,225,266.3593466,436.6686901,553.417171,684.9775489,686.1453073,721.0107184,444.9187235,774.7294461,835.0737302,761.7885962,635.96256,634.408256
France,,,,,,2503,2530,2770,3670,4380,5070,4670,4340,4110,3840,4170,5150,5760,6393,5571,6956,7020,8154,7429,4282,4941,4464,4000,4230,4080,3770,3950,3810,4390,4260,9474.864508,10281.27391,11947.22637,13269.07155,11757.10561,12029.05395,12849.11942,12565.63151,13425.17037,13716.67517,12441.09811,12527.64762
French Polynesia,,,,,,,,,,,,,,,,,,,,,,,,,,,,,,,,,61.350469,51.394109,46.147167,46.97095005,50.93430535,55.73052878,69.47201725,64.30203718,70.54781923,55.74846295,58.21454952,63.3754906,30.26685324,,
Gabon,,,,,,,,,69.973809,141,143.5206372,83.5751618,78.81773367,92.1362617,88.95619,103.8903472,165.1550482,146.6636911,153.6115591,128.2601033,147.3056056,117.8358044,145.4001809,196.8846941,156.161365,99.226998,113.292395,104.15657,89.190341,84.706958,77.579832,95.900828,96.449265,115.6710224,110.298458,185.5941469,,,,,,,,,,,
"Gambia, The",,,,,,,,,2.53626366,2.63183567,,,1.72089215,1.29236445,,,,,,,,,,,,,,,,,,,,0.52610349,0.52214307,0.742945864,0.946706347,14.64073187,3.185323546,8.412067919,58.1190882,36.56288209,47.58989951,,,20.2885735,18.757991
Georgia,,,,,,,,,,,,,,,,,,,,,,,,,,,,12.3,10.6,46.5,25.0889668,24.2286785,26.1403508,29.3179429,25.8960135,27.10735243,26.74126759,31.69914319,50.97989957,33.60906911,55.13216564,76.80046359,86.73244305,87.71448775,86.13111008,95.862424,100.4924035
Germany,,2237,2726,3687,4020,4094,4171,4260,5190,5720,5826,4794,4481,4291,4042,3601,4632,5534,5872,5485,6854,6895,8586,8513,9279,11356,11029,9885,9503,10520,9039,9445,10403,11886,13003,12707.9028,12697.36992,14084.23045,15231.56451,15322.97895,14682.90921,16116.35975,15587.63232,19948.85323,21280.30531,19170.05696,20680.75162
Ghana,,,,,,,,,,15.68196,9.4,9.9,6.2,12.5,13.9,10.9,3.6,3.2,3.3,3.5,3.9,4.6,4,4,4.7,4.7994,5,5.4,5.6,5.9,6.0895129,6.3992,,,,,,,,,,,7.99,4.84,8.94203167,2607.106304,
Greece,,,,,,,45,55,55,59,59,65,64,77,58,45,60,77,95,118,122,118,173,250,222,300,319,342,,631,546,536,412,380,497,902.4384327,981.9394861,1459.758668,1911.719248,1842.956259,1932.272324,1940.511771,1437.901255,1291.125436,1424.002782,974.84224,718.23928
Greenland,,,,,,,,,,,,,,,,,,,,,,,,,,,,,,,,,,,,,,,,,,,,,,,
Grenada,,,,,,,,,,,2.6,5.2,5.1,4.3,,,6.8888889,7.2962963,7.51851851,0.11111111,1.285185226,1.029629622,1.396296319,1.396296319,1.396296319,1.470370326,,2.459259222,2.674074092,2.85925924,3.2962963,3.2518518,3.2518518,3.2518518,3.2518518,1.422548148,1.476888889,1.59504,1.795856296,1.496148148,1.511708148,1.55440963,1.600109259,1.6651463,,,
Guam,,,,,,,,,,,,,,,,,,,,,,,,,,,,,,,,,,,,,,,,,,,,,,,
Guatemala,,,,,,,,8,7.2,8.1,11.4,7.1,3.2,3.2,7.2,6,6,7.5,5.5,9.3,13.5,19.2,19.7,8.6,10.6,7.8,12.7,20.5,33.3,26.9,55.6,32.488094,81.9229575,86.086,33.7,42.1,45.5,16.9,26.05825136,21.9767,20.762364,26.7892,27.9052,27.63729,26.71746,24.8793,26.3
Guinea,,,,,,,,,,,,,,,,,11.75,11.72,19.73,18.33,20.4,20.94,21.57,19.92,22.24,10.43,11.261,14.4,22.93,17.92762,26.9108493,36.8330456,17.81,46.3764109,47.95,59.86,51.6,38.96,55.51,44.87,40.98,38.81,50.72,80.56,,25.6995,33.870676
Guinea-Bissau,,,,,,,,,,,,,18.6,12.6,5.5,4,11.5,11.6,9.9,15.75,11.62,20.01,14.96,14.82,13.24,3.41,,,,,,,5.41616048,6.48829652,5.373995165,5.351981988,4.322131856,4.330027104,16.75018702,20.19017104,19.65011902,29.95765023,24.96498051,34.54517591,,38.406676,
Guyana,,,,,,,,,,,,0.42666667,,,,,,,,,,,4.53,11.24,11.2,12.01,23.3,17.9,21.6,27.2,27.4,24.1,53.1,50.4,80.627,54.806,48.429,61.144,72.15444274,85.62487503,128.1198786,138.27,183.6880212,122.8373553,122.2295303,118.724056,
Haiti,,5.4,3.2799879,7.94,10.3999914,39.38,44.84,44.1,47.28,50.68,54.34,61.84,47.34,43.48,45,47.24,53.4,56.92,60.68,63.46,,,,,,,,,,,11,19.34,22,31.35,38.52,59.686,75.515,96.408,117.0802117,134.8240038,166.9785617,240.2373935,231.9240772,247.6943207,248.5970744,247.297664,266.344544
Honduras,,,,,,,,,,,,,,,,,,,,,,,,,,,8.1,9.5,0.5,0.6,9.4,11.5,10.9,12.004819,16.634547,0.483545772,2.121696767,2.48722,36.95,27.18794039,27.28533755,32.97528377,36.43174342,40.93814739,42.1,41.1,41.1
"Hong Kong SAR, China",,,,,,,,,,,,,,,,,,,,,,,,,,,,,175,167,225,309,299,317,321,348.0866644,376.5509184,387.6250089,393.1066553,413.3262438,482.9367862,554.3449737,607.1185052,656.3980552,711.4986991,758.670592,816.784256
Hungary,,,,,,,,,,,,,,,,,,,,,,,,,,146.1443022,94.15404095,86.10081753,75.2718346,98.3416003,86.23254,100.7841966,106.7482991,114.0754549,814.1151713,911.6331218,981.2360756,1367.381513,1526.310796,1192.171514,1133.316404,1194.844408,1088.627375,837.1355428,844.9325393,675.24584,702.776016
Iceland,,,,,,,0.3,2,3.9,5.1,5.5,4.6,5.3,3.8,5.6,4.8,6.7,17.3,16.5,16.8,24.645081,25.886523,25.37891,20.569294,17.5090879,19.9221561,14.8650008,16.6585043,17.6503301,22.8981328,30.943159,16.9387528,22.7768516,26.2519342,46.617572,54.41456935,81.57354819,114.8131491,100.74001,68.0698524,67.2009517,72.74619533,67.93283921,72.5957546,94.21555089,84.084354,149.131876
India,,,,,,,9.1388535,11.64125,57.404832,10.211729,29.241802,15.402513,13.516845,39.727379,27.499766,30.896383,42.055765,65.468296,93.125844,98.65008,106,51.58417,67.776932,259,351,419,538,162,44.157098,36.167394,486,751,1187,1265,1653,1348.282858,1561.865362,2059.330846,3812.363581,2889.988304,3828.678498,4077.745355,4963.082154,6431.771262,6221.785952,4882.83264,5622.66112
Indonesia,,,,,,,,,,,,,,,,,,,,,,,,,,,,,,,,,,,913,1178.915745,1359.066196,1654.25,1971.46753,2701.592137,2839.937799,3163.740019,3633.613325,3951.108964,4119.081644,4605.139584,5150.59392
"Iran, Islamic Rep.",,,,,,,,,,,,,,,,,,,,,,,,,,,,,,,,,,,,,,,,,,,,,,,
Iraq,,,,,,,,,,,,,,,,,,,,,,,,,,,,,,,,,,,,82.5,781.3,17.3,31.4,26.7,48.4,78,548,484,599.3,539.3,349.6
Ireland,,,,,,,,,,,,,,,87.452074,61.831905,92.841345,195,152,127,165.348124,167.839154,176.977404,159.769451,161.72266,173.176373,179.248424,169.957222,166,121,180.8646779,273.6164726,587.990059,787.888543,997.437002,1440.647093,1852.563234,2520.369868,2672.496663,2548.698513,2266.570107,2193.535813,1996.128202,1957.7198,1959.508591,1562.919936,1541.417472
Isle of Man,,,,,,,,,,,,,,,,,,,,,,,,,,,,,,,,,,,,,,,,,,,,,,,
Israel,11,11,6,6,9,20,14,8,18,15,31,38.1,453,512,499,410,553,751,749,731,850,795,1120,908,919,1410,2030,2400,2870,3080,3260,3040,2780,2500,2220,2205.6,2335.3,2797.9,3635.9,3420.9,3726.8,4344.3,4326,4993.2,5010.1,4927.699968,5206.30016
Italy,106,108,127,175,198,247,208,243,304,350.023286,428.036303,445.6458202,517.1821725,502.2112684,499.843065,606.2758151,795.433662,1286,1926,2700.367941,3764.413514,2781.017867,2686,2533,2234,1823,2083,2168,2375,2552.772711,2582.005298,2716,3582.237425,4366.619546,5513.184385,7545.815811,8351.772204,11182.03463,14445.31628,14390.12322,12885.66779,14500.934,11825.66308,11629.33209,11132.58395,9442.566912,9376.753152
Jamaica,,,,,,,40.9,34.9,34.6,37.8,35.2,35,32.2,36.5,38.9,57.8,41.5,40.2,23.2,24.1,26.7,26.9,29.1,26.6,54.9,74.1,96,116.9,134.1,149.5,179.2,216.6,277.7,341.6,424.559865,368.7415144,357.9268501,396.1825776,364.6170287,268.9977114,279.3099269,305.4851404,333.5405132,297.4257076,275.0817983,287.14024,298.112476
Japan,,,,,,,,130,160,200,220,240,330,320,290,,,,,,,1300,1370,1580,1580,1820,3556,3624,3399,3539,3169,2944,3345,1773,1411,1149.537317,3332.164588,3639.371943,4548.088348,3932.046367,4365.714732,4536.170393,4042.571071,2872.330559,4214.761759,4000.341456,5064.714688
Jordan,,,,,,,20.482956,45.614698,65.464446,79.917822,154,158,177,201,254,236,247,184,155,91.060102,70.515838,61.105331,86.057651,78.073089,93.023019,107,99.858956,200,207,204.118477,197.131171,192.849672,193.849089,226.798307,272.157969,349.2242595,401.5514809,479.2667347,471.7791677,502.2535211,605.2112676,549.8591549,684.7887324,534.9295775,675.2112676,596.760564,570.000008
Kazakhstan,,,,,,,,,,,,,,,,,,,,,,,,,,503.6,422.2,522.1,470.9,355.5,440.44194,486.8791,594.666638,802,1354,1893.131775,2958.485461,4212.277482,3461.671985,2934.061283,3005.77488,3409.435907,3808.907823,3803.988119,3550.131173,3116.48192,2394.53824
Kenya,,,,,,5.71958247,17.4492019,12.807252,22.7702509,18.4607753,13.4767488,13.4843904,10.8951161,11.4186838,6.7990045,5.5379353,6.6560902,9.1160519,7.66322381,2.91651949,7.20059705,3.846172507,7.38744246,,7.1364121,8.7497853,8.7542881,45.864899,70.600679,26.039933,,5.0914426,5.714348,6.5845295,34.022965,56.4089767,25.39901236,16.36450759,64.49540113,60.80384802,19.10387846,25.8573065,14.50913733,16.19841972,170.9534815,,
Kiribati,,,,,,,,,,,,,,,,,,,,,,,,,,,,,,,,,,,,,0.092144557,0.54513277,0.57696931,0.556991456,1.030968417,1.200629113,1.216064729,1.10337636,1.13784162,0.948075938,0.9369865
"Korea, Dem. Rep.",,,,,,,,,,,,,,,,,,,,,,,,,,,,,,,,,,,,,,,,,,,,,,,
"Korea, Rep.",,,,,,,1,2,3,4,57.7,33.3,26.8,21.4,36.6,27,36.5,33.9,154.6,821.6,1026.2,1274.3,1409,1180.4,1356.4,2062,2900,2796.2,1682.2,2492.3,3650.6,4499.2,5843.8,7932.3,8306,6667.3,7215.1,7723.1,7545.2,7152.7,9123,9585.9,9380.3,8990.9,9570.5,8365.199872,10346.30042
Kosovo,,,,,,,,,,,,,,,,,,,,,,,,,,,,,,,,,,,171.8687787,161.8012148,119.941487,95.98845297,126.5519857,155.546609,127.1519126,151.0068009,118.0396265,106.282265,99.76949236,68.3714445,66.7406155
Kuwait,,,,,,276,315,370,433,532,692,689,875,865,963,1040,1080,1100,1180,1280,770,426,829,1230,1330,1350,1380,1380,1610,1730,1730,1790,1930,2140,2400,2647.60274,3183.238048,9763.770985,10322.57137,11749.21289,11864.00397,13012.20603,15459.19937,17711.48068,18128.47635,15202.53598,15285.86486
Kyrgyz Republic,,,,,,,,,,,,,,,,,,,,,,,,108.654,66.378,41.086,32.75,28.56,49.787836,51.088572,45.348644,54.5341728,57.3836231,55.239593,82.958212,53.27542603,68.11350262,90.49543238,100.5594283,107.4961065,167.7200036,227.6214845,285.9081877,389.5125958,453.942296,362.554954,377.553225
Lao PDR,,,,,,,,,,,,,,,,,,,,,,,0.2,0.2,0.5,8.9,10.3,7.3,6.7,0.4,0.44,0.46305,0.4862025,0.99671513,0.8,0.84,5.410944,6,9.36074582,22.37000792,19.31493266,75.64311906,70.17568928,68.70400084,54.16530636,43.3380705,39.476133
Latvia,,,,,,,,,,,,,,,,,,,,,,,0.22403,0.354,2.088,1.238,2.168,4.6,7.7,7.6,6.6,7.6,7.6,8.3,13.1,491.4136075,892.1201335,1117.696555,913.3744444,672.8341226,442.9980079,559.2094204,569.1780896,607.5214767,569.8750253,494.501716,415.535256
Lebanon,,,,,,,,,,,,,,,,,,,,,,,,,,,,,,,,,2520.93,4077,4230,4011.675055,3445.148821,2961.9,4365.96,5749.15402,4390.475746,4227.195814,4698.442226,5193.378144,4382.943783,3674.947392,3680.344
Lesotho,,,,,,,,,,,,,,,,,,,,,,,,,,75.360114,60.481624,56.305054,55.623933,34.06038,10.3183,9.5549505,7.9674206,10.110386,11.025073,,,,,,,,,,,,
Liberia,,,,,,,,,,34.99999,31.999991,32.999991,74.999979,125.999966,120.899967,102.399972,136.199962,125.899965,,,,,,,,,,,,,,,,,0.17617141,0.193788547,0.213167292,0.255220257,0.4806634,1.008165606,1.141631291,0.779400122,471.1,435.1075,309.8316412,299.292077,
Libya,,,,,,,,840,932,832,1050,1530,1580,2030,1240,859,490,466,497,472,446,409,394,324,283,222,272,192,208,213,463,683,786,676,975,914,945,762.2,964.2,1361,1609,650,1971,3199.3,,,
Liechtenstein,,,,,,,,,,,,,,,,,,,,,,,,,,,,,,,,,,,,,,,,,,,,,,,
Lithuania,,,,,,,,,,,,,,,,,,,,,,,,0.090194274,0.59312899,0.9675,33.075,58.1075,63.3,46.635,38.125,29.425,31.2770595,41.9350397,27.5803478,259.0370154,425.7869523,566.9203954,652.1805673,679.263672,552.4660119,1025.598206,1135.009182,851.9182999,904.5775863,588.850368,583.722952
Luxembourg,,,,,,,,,,,,,,,,,,,,,,,,,,2220,2300,2220,2460,2700,2720,3140,3952.594727,5010.598164,6002.078197,6699.464319,7560.826511,9370.176218,11006.38163,10724.95098,10644.54782,11720.34974,11268.73475,12274.24846,12762.55544,11351.41173,11605.6453
"Macao SAR, China",,,,,,,,,,,,,,,,,,,,,,,,,,,,,,,,,115.290681,118.60758,159.916826,207.4643117,476.4013216,823.2461502,936.2985144,666.6597085,539.4361562,653.6396639,853.279158,1061.0349,1347.832764,1569.111984,
"Macedonia, FYR",,,,,,,,,,,,,,,,,,,,,,,,,,,0.85,0.38,20.661702,11.999652,14.208225,20.520593,23.26515,16.067713,16.158268,15.545106,17.848735,24.875466,32.975259,26.302033,22.61197,24.69225,23.859882,24.438824,23.991042,19.890647,24.250401
Madagascar,,,,,20.3154292,37.3287402,34.7353607,26.00957578,27.38694,26.32558364,31.23835169,23.33194808,20.10088604,12.19656166,10.64784506,14.43067894,16.30834535,11.90594954,13.84401056,13.45858493,17.501629,9.99259,9.436864,6.69877587,8.44706986,11.07690571,13.2102129,15.1250691,13.0003345,11.21300522,11.9039867,11.415636,4.7145389,17.9245874,9.0014339,18.54812703,17.34355053,19.18687138,22.98762968,29.90903241,34.52220015,46.03799456,54.03508291,50.03771693,,46.511366,36.863408
Malawi,,,,,,,,,0.11851921,0.12241731,0.2462764,0.22338904,0.18948203,0.085123528,0.21225714,0.11634017,0.053732434,0.04527463,0.23425597,0.39861945,0.036645048,0.035672084,0.13876264,0.13627759,0.58376415,0.80477675,1.1758199,0.99670552,1.4089546,0.82108246,0.42487662,0.6230147,0.44816169,7.164153969,7.49291692,7.336591799,7.338131132,10.18596484,10.38551125,13.31685698,14.90770319,17.45029477,17.793284,16.45277993,18.55205532,17.4945485,
Malaysia,,,,,4.5698776,4.5952363,5.9018522,10.563595,19.429702,12.337546,18.834266,16.926165,15.414973,14.647281,14.507337,12.88742,21.305924,130.971178,182.660364,183.850868,229.691668,205.271484,226.648528,299.186333,187.546902,1331,1423,2077,2928,484,599,634,3825,3461,5060,5679.210083,5596.604811,6388.47968,6785.527868,6528.552508,6728.510481,6945.697144,7266.908215,7669.912517,8051.53478,3077.376,2944.213504
Maldives,,,,,,,,,,,0.2,0.3,1.3,2,3.4,2,3.0431388,3.6651438,5.871822,5.9994558,8.219088,17.141988,19.3,26.81104,22.46345,26.7744768,27.462499,28.14555164,30.80843396,40.88138322,46.35224368,49.963192,50.617855,55.320628,61.507567,69.910462,83.551366,188.8245,218.6973,190.1529,189.3845619,239.9101201,259.8617502,265.5846688,301.4264497,348.3651794,379.2260368
Mali,,,,,,11.548535,7.8258888,6.1869177,11.965122,19.509063,18.932262,15.272432,14.45499,13.121085,11.671638,28.713696,37.827828,43.921445,39.886087,42.067871,45.396983,51.221716,69.174791,55.727703,36.635137,42.231927,22.6799826,21.43679378,32.3026408,29.8148866,26.3211022,23.2879989,30.3233249,57.6100856,63.90303,69.33120132,57.16306247,82.66794495,104.7776895,166.9044645,175.8813678,128.9454745,110.7823581,133.9041272,147.3057188,,
Malta,,3.1932596,4.1931285,4.6095861,3.3724042,3.8982978,4.9395977,3.0783135,5.7086018,6.6951209,7.5269232,7.4993374,5.0953251,4.39358,6.0733026,4.6892818,6.10698678,8.39383488,9.36961629,23.5299179,24.7962493,8.3807048,5.1297595,1.85200044,2.91595273,12.6653491,15.2701218,13.13834731,11.59289761,15.238358,13.8675017,11.2928663,11.2675268,12.8863152,21.0747652,192.3180201,222.6685679,258.5807538,1320.24116,1861.273888,1611.803065,1126.584961,1080.0852,1048.77728,1030.096648,934.95124,920.050132
Marshall Islands,,,,,,,,,,,,,,,,,,,,,,,,,,,,,,,,,,,,3.470887104,3.616436139,3.84330476,4.070087618,4.432601278,7.881811212,9.237557156,23.12029634,23.65844515,23.81896582,,
Mauritania,,,,,,21.5292,24.965434,22.330887,21.164365,32.227488,32.582595,21.678889,31.50524,27.129261,24.105324,24.220017,29.243697,32.228664,34.041611,32.498104,31.224801,29.373061,30.392954,22.830023,24.907951,14.433413,12.235677,11.550619,9.6192704,,,,,,,,,,,,,,239.832472,255.1092562,188.5564467,171.581504,
Mauritius,,,,,,,0.89799859,0.90808537,1.622514,1.1096829,1.5616273,1.3428013,0.91974744,1.1105226,0.7970822,0.84183351,1.1138869,1.7859616,1.1162604,0.85247206,0.6055115,1.5972085,1.4135903,1.4732527,1.3362756,1.0928134,0.7800283,0.5223852,0.79190919,0.4764588,0.60460568,8.0964823,10.0651481,9.98063824,10.9569115,9.247006093,10.07284198,9.947909849,12.74000675,10.2577671,8.458860236,9.445395356,8.187835342,8.31094644,8.84474142,7.126791,6.7845075
Mexico,,,,,,,,,,,11,19,7,,,,,,,,,,,,,,,,,,,,,,,,,,,,,,,866.997321,1001.831236,810.619136,653.83456
"Micronesia, Fed. Sts.",,,,,,,,,,,,,,,,,,,,,,,,,,,,,,,,,,,,,,,,15.2474,16.5609,17.0207,17.9139,16.4526,17.3308,,
Moldova,,,,,,,,,,,,,,,,,,,,,,,,,9.52,0.73,5.98,20.26,23.93,25.02,45.96,58.53,56.55,67.4,67.28,46.27,56.86,71.9,92.25,74.27,78.59,79.62,92.99,93.87,147.05,154.11,133.72
Monaco,,,,,,,,,,,,,,,,,,,,,,,,,,,,,,,,,,,,,,,,,,,,,,,
Mongolia,,,,,,,,,,,,,,,,,,,,,,,,,,,,,3,3.2,3,,13.716248,54.3,49.1,40.42,76.57,90.3231,172.1848968,83.44364891,169.0981043,336.346559,522.8890874,441.3819641,336.9402336,227.5516,170.934424
Montenegro,,,,,,,,,,,,,,,,,,,,,,,,,,,,,,,,,,,,,,27.09251118,27.26895175,25.92280613,27.56878446,34.84123306,42.41003413,65.39090389,74.3453348,55.381876,61.228034
Morocco,,,,,,53.3005958,57.7012827,61.287765,75.359925,81.813035,77.477125,59.16135,46.3222581,37.9676171,30.7586291,21.1677138,18.782041,24.0452915,20.8304153,14.2551336,16.0148663,22.2820754,28.9299148,17.2066893,16.7341919,20.4912375,18.9309718,19.9430958,31.964464,28.4565558,29.2217798,35.5127748,36.3773851,44.222733,41.5744592,35.07121505,37.88922654,48.9097741,54.39666932,60.10931581,62.034092,70.9305874,64.15293218,63.30594412,86.17247341,75.199536,120.109848
Mozambique,,,,,,,,,,,25.3,29.4,23.6,19.9,25.7,25,23,25,25.3,27.5,25.4,29.6,26.6,21.3,19.4,20.6,15.7,22.9,31.1,139.8,156.4,64.189276,49.908394,29.506679,20.2553681,24.48479132,26.09800842,45.25047661,56.83773643,65.74704409,53.68101321,41.4872427,96.20174186,99.83683732,193.8704448,190.566932,98.47739
Myanmar,,,,,,,,,,,,,,,,,,0.074270662,0.41442629,,,,0.016340047,,,,,,,,13.781412,13.974441,23.043885,22.610101,24.27199,18.8162383,31.36918555,,,,,,,419.3562982,560.7853527,364.096384,261.801136
Namibia,,,,,,,,,,,,,,,,,,,,,29.7218647,25.9296752,17.2860289,13.3425484,11.1524215,11.1659915,10.7690718,16.5582978,10.4915012,9.45956516,8.95195425,8.07493104,8.23151729,15.07516311,17.61921385,18.33073434,19.64844659,15.56803627,42.4053823,15.47005613,27.89656996,26.96390345,18.18547168,15.61262795,11.56282884,11.58724625,
Nepal,,,,,,,,,,,,,,,,,,,,,,,,3.0056764,8.7133033,9.062519,17.992225,21.802417,24.058675,26.947868,16.732552,24.304801,34.08961465,26.18975474,63.61110432,65.78763435,79.16653617,3.953399498,5.286468443,12.29785577,32.36088552,39.16279086,50.32823156,27.8086805,9.10353621,9.494426,20.045608
Netherlands,181.309393,243.424759,309.479732,402.942631,467.507434,479.036043,507.003587,543.744146,667,763,970,884,872,737,648,658,886,1246,1164,1194,1393,1416,2109,2280,2513,2803,4264,3181,2813,3276,3128,2853,2893,4236,5034,4547.077051,6076.165482,10085.93106,12695.95624,11662.47057,9397.957104,10246.04908,9575.985068,9686.145572,9934.465186,8616.247552,8926.301952
New Caledonia,,,,,,,,,,,,,,,,,,,,,,,,,,,,,,,,,19.2513813,20.741126,21.164225,27.66822861,50.18577212,55.5654179,67.9503705,92.40333906,82.71957634,87.38035623,68.28219661,45.24177648,70.2881056,,
New Zealand,,,52.5888,77.360291,109.029519,99.722792,95.53296,98.999172,129.610909,140.009862,150.951781,191.701535,134.221741,131.855198,121.539621,126.944215,171.591269,241.476906,347.007651,352.658942,366.300154,350.129321,311,291,349,427,605,683,437,469,459.265537,397.73856,393.098963,605.251844,858.4074,647.3077403,552.0218524,622.5595498,624.2584027,524.4539982,533.9177984,609.8183406,661.6116249,716.9832787,769.854114,706.389472,723.88016
Nicaragua,,,,,,,,4.6,5.1,4,2,4.2,2,2.6,,,,,,,,,,,,,,,,,,,,,,,,,1.2,1.2,1.2,1.3,1.5,1.3,1.3,1.6,1.6
Niger,,,,,17.569248,20.334754,20.22594674,21.84958811,34.01196864,45.37385027,53.41737812,47.94807498,48.37096076,43.45441018,40.73859385,48.9112207,72.8488876,65.5760481,68.9310819,56.3339571,66.4794012,65.37946952,64.901897,61.300473,46.539592,28.640779,33.3924715,19.9753497,20.9610349,18.5204092,11.8767998,10.3296074,6.3688309,9.0416331,24.8672682,29.31172282,29.26618752,18.01293207,22.30210538,25.19768201,72.17980734,111.5104442,90.69333781,91.48853651,,101.229044,
Nigeria,,,,,,,,199,253,356,524,484.521086,427.727595,408.847812,332.873356,298.090125,149.969065,21.663145,37.029146,28.785829,8.8535918,53.510677,34.802543,2.3105835,3.5006365,4.7041635,1.7467274,3.8187887,4.6609303,9.4002469,1.0521141,0.5933651,0.90396417,11.562452,20.855294,68.03026986,101.5621454,53.99690058,58.16674861,47.0294728,47.47452683,75.50659535,38.70252784,50.4827811,54.17379861,1057.221016,
Northern Mariana Islands,,,,,,,,,,,,,,,,,,,,,,,,,,,,,,,,,,,,,,,,,,,,,,,
Norway,,,,,,12.653072,14.296213,66.100574,72.999969,92.032424,109.972063,133.439351,139.730178,126.91386,108.805237,143.53711,181.133025,238.409099,226.984314,250.67315,294.531645,411.009684,446,532,475,603,647,703,746,958,1060,1020,923,1430,1750,2174.008491,2596.882572,3577.067724,4750.013568,4174.095054,4118.496972,4427.035714,5099.595369,5799.187011,5941.154712,4462.96576,4245.40928
Oman,,,,,111,208,220,222,241,281,397,500.895194,598.895194,737.895194,862.8952149,949.8952359,885,741,801,830,856,910,1220,1420,1370,1540,1370,1500,1470,1440,1450,1530,1600,1670,1830,2257.477243,2788.036411,3669.70091,5180.754226,5315.994798,5703.511053,7214.564369,8085.825748,9104.418726,10300.83225,10990.89715,
Pakistan,,,,,,,0.40595211,0.50744013,0.40595211,0.81190421,0.71041619,1.2178563,1.0858871,1.7431308,0.43725041,2.1524936,0.9026455,1.268947,0.8918186,0.87629051,0.64838898,0.51453035,0.56079623,0.98375204,1.8702732,4.4107491,3.5570464,1.9196435,5,3,2,3,2,5,10,2,3,2,,8,9,28,34,16,16,30,63
Palau,,,,,,,,,,,,,,,,,,,,,,,,,,,,,,,,,,,,11.69861538,11.2084206,10.74563556,9.72527514,9.28446474,8.99442438,9.35748906,9.69057102,9.83779452,9.52727823,16.785284,
Panama,,,,,,,,,,,37.3,31.6,34.5,38.3,31.6,30.8,27.1,39.2,40.6,35.8,21.8,16.1,20,23.7,24.8,20.4,20,21.3,20.6,21.2,22,42.1,44.7,56.6,72.3,87.6,236.3,295.9,387.6,449.8,485.8,463.6,563.6,644.2,818.3,829.4,838.999968
Papua New Guinea,,,,,,,24.459533,24.37983,32.35891,37.462608,28.238549,41.408283,45.714876,41.760409,36.696255,33.511995,38.888304,43.252129,50.103626,49.811742,42.723227,21.015235,20.734443,20.446675,19.904488,15.668253,18.4297283,26.247493,15.6320514,16.1637981,18.4411814,16.663773,57.378005,91.14755,116.709176,128.2096828,158.5678947,283.9466448,320.8413552,315.3737918,394.0728492,552.0947241,511.6026443,483.4462755,55.4159549,279.293728,
Paraguay,,,,,,,0.5,0.8,1.3,2.2,2,1.5,1.5,0.4,4.8,0.5,,,0.1,,,,,,,,,,,,,,,,,,,,,,,,,,,,
Peru,,,,,,,,,,,,,,,,24,33.31,20.62,45.99,58.68,75,87,73,92.04605,89.446536,33.783812,29.189781,74.312198,78.101172,79.372289,275,175,118,116,113,,,,,,,,,,,,
Philippines,,,,,,,,7,5,9,12,11,9,8,1,1,6,3,10,4,5,9,8,45,89,151,57,,,25,21,24,21,18,17,195.378604,63.28633498,65.93565255,116.9430648,93.79017769,109.1421091,134.7668363,152.357507,210.2620234,182.9819517,153.322156,185.506996
Poland,,,,,,,,,,,,,,,,,,,,,,,,,155,262,243,181,176,191,311,345,353,325,658,621,694,1018,1474,1154,1306,1395,1521,1557,2163,2556.999872,3716.000064
Portugal,,,,,,22.848613,21.600764,26.513474,18.286383,16.37309,32.607626,15.41987,12.825954,13.373893,8.2471996,14.706828,37.53475,19.256783,29.220443,27.947934,76.728961,94.102857,109,459.143063,386.674585,527.115702,358.854344,291.573431,299.825966,430.439643,454.166368,705.73315,792,936,1164,436.0102315,444.7761016,345.5963651,387.8614357,517.696721,505.8215673,627.3188595,499.4453728,492.754422,356.1036748,221.724032,186.461552
Puerto Rico,,,,,,,,,,,,,,,,,,,,,,,,,,,,,,,,,,,,,,,,,,,,,,,
Qatar,,,,,,,,,,,,,,,,,,,,,,,,,,,,,,1259.300049,1354.900024,1506.900024,1483,1595.095459,2176.966553,3008.818848,3690.100098,4482.577148,5379.845215,7105.069824,8140.623047,10444.68138,10412.91209,11281.04396,11230.21978,12192.03272,11981.86826
Romania,,,,,,,,,,,,,,,,,,,,,,,,,5,2,2,1,6,8,6,5,7,8,8,22.26703447,40.73641874,55.02047631,168.4968228,64.40717189,88.24141655,127.7657264,116.3462276,547.0112154,638.20403,526.43246,547.489944
Russian Federation,,,,,,,,,,,,,,,,,,,,,,,,,3692,3939,4037,3498,2555,1404,1099,1822,2226,3237,5180,6827.24,12104.44,19880.62,29718.81,21147.74,21453.98,26010.47,31647.7,37216.68,32640.36,19688.83917,16590.33958
Rwanda,,,,,,,9.67918038,13.4987097,13.7895731,16.2070429,21.7977625,21.2137858,18.9125362,17.5869583,16.6412435,16.4749416,23.5869202,25.0186727,28.2807581,23.2816439,21.4326428,18.0003479,1.7022727,12.6874502,,1.1061008,5.5674912,28.1494089,2.7955139,4.0197653,28.024974,32.714483,32.11,29.675698,30.62,34.51075686,54.60685942,77.02150997,70.18206862,71.43983662,76.05421725,102.6911463,107.2034394,52.92715788,126.1778248,123.435384,134.039844
Samoa,,,,,,,,,,,,,,,,0.19596723,0.21916485,0.249794,2.2351077,2.7222371,3.052144,3.0921533,4.3181949,2.9315541,3.558133215,4.1157851,5.8606769,3.1062312,2.9345044,3.1196568,,,,,10.857155,15.53558673,20.91875141,10.20597901,8.592645198,8.453372806,8.947643195,12.40522,11.03960457,18.21995763,12.46791479,15.747451,
San Marino,,,,,,,,,,,,,,,,,,,,,,,,,,,,,,,,,,,,,,,,,,,,,,,
Sao Tome and Principe,,,,,,,,,0.005531781,,0.15817598,0.15625218,0.195128604,0.226761664,0.235514351,0.425967049,0.78001478,0.365238081,0.184148551,0.089033445,0.09,,,,,,,0.93,0.26412,0.6882,0.6390867,0.65414993,0.4736025,0.5537406,0.6135675,0.4762065,0.670648481,0.692759575,0.488079389,0.54684,0.62186133,0.600930421,1.313519657,1.0735431,1.44158981,0.449656188,0.575612688
Saudi Arabia,,207,268,391,518,554,989,1510,2840,3760,4090,5350,5350,5240,5280,5200,4800,4930,6500,8530,11200,13700,13400,15700,18100,16600,15500,15000,14900,14000,15400,15100,15900,14800,13600,14314.60024,15964.14419,16446.55902,21696.16,26469.73333,27069.00533,28474.92533,29492.57333,34984.18667,36924.24,38787.36723,38884.7079
Senegal,,,,,27.75185106,31.72930775,26.95118969,24.015009,42.54265749,69.10439207,90.87485953,75.5157338,69.14049836,58.59876756,51.83580347,46.89903618,57.89678906,61.124011,67.249017,65.609578,79.407992,89.43418,95.99844,94.115543,59.851799,76.350035,67.9226567,69.7843707,66.5359469,60.8414049,54.8922785,51.2728864,39.3335207,57.0904717,76.825983,97.73102073,96.40648976,143.2396371,144.1028197,174.4226836,216.4445257,209.1292361,,280.4426555,300.0153194,,
Serbia,,,,,,,,,,,,,,,,,,,,,,,,,,,,,,,,,,,,,,129.1901011,180.0006526,152.9240748,154.7698269,204.0728426,217.9239816,255.1857616,267.144653,245.053124,238.628348
Seychelles,,,,,,,,,,,,,,,,,,,,9.24024316,9.7943057,9.55736124,13.29295694,0.05789792,0.079116141,0.27299597,0.36217425,0.35811334,0.47983809,0.27570932,10.1044134,5.6079239,4.8943489,7.3145378,7.925966,9.957671783,17.32841148,52.20479425,50.52157849,62.09967402,41.22061599,50.21937075,56.95845807,61.15939038,57.64306649,74.213584,62.945644
Sierra Leone,,,,,,,,,,,1.5241032,,1.4531945,0.74257551,0.55778004,0.43186687,0.1118559,0.3642503,0.26450077,0.14043826,0.056125677,0.01896093,0.008809835,0.008458767,0.007499066,0.006753036,0.006407942,0.0015283,0.001406993,0.036747691,,0.45142518,2.61658717,3.4031882,2.60441671,2.366622693,3.883889077,3.787475673,3.215136935,3.491081884,10.57071692,20.61075837,20.08514846,8.99755852,6.84000474,6.76360175,
Singapore,,,,,,,,,,,,,,,,,,,,,,,,,,,,,,,,,,,,,,,,,,,,,,,
Sint Maarten (Dutch part),,,,,,,,,,,,,,,,,,,,,,,,,,,,,,,,,,,,,,,,,,105.3687151,107.849162,107.9832402,114.0893855,107.089384,116.3743
Slovak Republic,,,,,,,,,,,,,,,,,,,,,,,,1.5113866,6.0000515,2.5678848,13.1045847,13.7265545,9.2347826,8.2447244,7.7758599,,11.5663277,16.02570098,21.925138,49.95779296,58.94836647,81.87333281,152.7482143,138.0777534,69.95447138,69.69054494,154.2303445,175.3017373,225.4436326,239.900608,242.206872
Slovenia,,,,,,,,,,,,,,,,,,,,,,,1.6,16.5,19.8,30.6,29.5,29.8,31,27.8,29.4,28.1,46.1,66.3,80.2,90.5,139.7854525,247.8758761,380.0366887,245.7391803,196.2421952,197.8473344,186.4710693,203.2395912,208.3674129,184.096116,193.756416
Solomon Islands,,,,,,,,,,,,,6.6934102,3.48262688,3.21893009,3.17403148,4.24921047,3.6440026,5.71423999,4.75309698,5.77352743,7.03563863,6.04487561,2.321398658,5.92460556,8.92568774,11.1598433,4.1431912,2.76182912,5.7253388,6.4650122,2.37558317,1.59909982,1.696607316,1.93264344,2.111119929,11.16098514,12.10646384,13.94346089,39.10483141,61.70812413,66.85411031,46.60280265,44.82676855,45.8913228,55.643036,69.187218
Somalia,,,,,,,,,,,,,,,,,,,,,,,,,,,,,,,,,,,,,,,,,,,,,,,
South Africa,236.5999978,283.9927367,279.1233766,424.056196,566.286123,666.555513,576.35,628.7,696.45,805.546825,1017.222676,1049.654788,952.113129,1077.673854,934.002127,721.763798,842.968617,1069.618472,1069.577188,1090.865876,1203.633597,863.833546,808.185732,707.416394,658.547133,629.572997,593.182462,669.928594,696.37151,723.332536,684.953987,567.950214,541.229434,706,937.3129384,1041.844333,1055.263258,1172.716922,1118.933009,1143.855053,1352.799185,1422.697865,1319.944369,1181.980419,1093.585876,980.097856,896.870528
South Sudan,,,,,,,,,,,,,,,,,,,,,,,,,,,,,,,,,,,,,,,,,,,,,,,
Spain,,,,,,1.717613,2.9450851,2.6551603,1.2465564,7.4896937,11.2557604,11.7976235,16.5027192,15.7409706,23.02028,130.5121038,128.6789118,130.4363734,162.5120804,246.969362,253.712746,385.830281,562.330647,669,716,869,1023,1084,1245,1965,2491,3078,3792,5141,6975,733.3500451,794.164776,895.0428966,749.0603416,556.3406819,434.1850896,455.7578133,378.2035613,333.5420169,373.4056355,348.98016,287.521792
Sri Lanka,,,,,,,,,,,,,,,,,,,,,,,,,,16.186098,16.1485319,17.4202689,18.0325556,18.716975,19.6927768,193.88,209.35,230.5,236.45,249.35,274.2,304.55,372.9,420.3,526.14,580.97,680.1209895,788.4,818.72,896.279984,874.379984
St. Kitts and Nevis,,,,,,,,,,,1.7,2,0.5,0.58888889,0.62962963,1.04814815,1.925925964,2.17777781,2.4037037,7.6444444,6.97037034,,0.16666667,4.2,2.86296296,1.066666676,1.86296299,2.703703753,3.35185179,2.51851849,7.47777779,8.21851849,7.94656299,7.51434449,7.86371479,7.506981482,5.364776667,5.643773333,6.165896666,5.735364815,5.634597037,6.439676667,6.48053,6.74189704,,,
St. Lucia,,,,,,,,,,,,,0.5,,1.6,1.6,3.95185189,3.28518516,4.1518519,3.3777778,4.45925927,1.75925921,0.18518519,3.37407404,2.22962968,2.25925927,6.55185184,3.02222226,3.10740738,3.33333334,3.33333334,3.51851854,3.8888889,3.8888889,3.8888889,2.9925,3.118148148,3.242911111,3.343440741,3.235447778,3.33127037,3.359586296,3.289034815,3.32850333,,,
St. Martin (French part),,,,,,,,,,,,,,,,,,,,,,,,,,,,,,,,,,,,,,,,,,,,,,,
St. Vincent and the Grenadines,,,,,,,,,,,,,,,,,3.15555559,5.13333332,3.85925926,3.04814819,3.28518523,1.04814815,0.61851852,3.62962967,3.366666673,3.07777774,3.3,4.8148148,5.1111111,4.9,5.725926,5.8122223,5.0685186,4.9198667,5.3056038,4.716666667,5.090422222,5.605837778,5.265628148,5.286984815,5.615745185,5.741076667,6.164354074,6.44499481,,,
Sudan,,,,,,,,3.44621384,2.8774642,12.21,53.2,61.254816,26.00177361,28.61538431,8,12.182717,24.04,4.1377778,1.0888889,4.3777778,2.1,0.2,,,0.2,0.9,,0.4,4.6,2.7,4.4,1.9,3.59,0.65,2.14,1.738017971,2.442585,2.041564,2.102552757,0.078778519,0.788632443,1.706234901,8.021746359,64.36767434,35.61155123,68.396816,103.550048
Suriname,,,,,,,,14.1,15.3,14.8,17.5,14.6,15.5,15.5,13.4,9.3,7.4,6.6,9.1,7.2,8.4,10.8,14.7,5.6,2.5,2.3,2.9,2.7,2.3,2.2,1.8,2,22.1,28.3,13.9,9.5,4.1,6.4,8.2,4.6,1.2,2.593598589,12.35268724,18.79526339,22.73221506,32.221025,40.34766225
Swaziland,,,,,,,1.035,1.265,8.05,9.5034667,8.7314937,9.8123856,9.7622448,13.1047482,13.1500684,10.43674252,12.60376402,5.45177713,4.5745101,4.384831946,4.135552019,5.39597981,7.71384666,6.649852683,5.924019895,3.541962747,3.661949594,2.195764799,1.6243738,6.7753674,20.743453,26.84355313,21.22268973,38.8561792,4.67514511,7.976785809,16.58630798,7.861622499,6.339630087,10.72515633,11.69203727,12.20815134,26.61701146,8.9816916,7.2200043,8.104372875,
Sweden,25.129465,27.312248,31.496614,45.79541,38.293248,52.878988,75.855486,102.375619,68.6329158,74.751639,82.7673425,80.93906,137.1678531,238.071671,235.163686,289.749632,338.096749,367.560319,484.669752,554.3268884,653.852402,461.229632,350.36274,259.90362,230.5798,335.773965,428.820962,410.914913,503,484,539,578,508,496,545,536.7579024,584.6584408,885.2259445,914.6977436,822.2298134,819.6250503,1069.71032,1044.514576,1623.38955,1583.645232,1241.876352,1168.37776
Switzerland,,,,,,,,1306,1867,2125,2343,2330,2759,2688,2475,2509,3780,5040,5760,6110,8170,8670,8860,8230,8720,10120,9610,7850,7770,7580,7590,8380,9230,11450,12920,9985.981178,10705.10441,12247.74638,14458.72197,14906.36733,16878.32706,21587.97712,21966.49128,23190.69008,24511.35905,24381.73491,24957.98272
Syrian Arab Republic,,,,,,,,,,,,,,,,,,,,,,,,12,11,15,20,25,29,28,29,30,35,40,42,40,235,249.57816,209.97428,211.257375,530.1850855,,,,,,
Tajikistan,,,,,,,,,,,,,,,,,,,,,,,,,,,,,,,,,13.3709,64.4406,119.0628,145.467,394.979,183.9976,198.8003,123.6277,231.2929605,200.98238,263.452938,240.3932371,303.612594,165.13827,87.127366
Tanzania,,,,,,,6.804528,5.3081064,6.0943588,,,,,,,,,,,,,,,,,0.50977645,0.81037743,0.64529567,4.0170237,15.400019,20.300038,29.6749,26.991638,27.1015,33.886401,33.22389538,29.65490031,39.3716841,47.74783343,46.61192776,123.0236717,133.4,162.4026711,129.7039113,98.28310493,103.818118,108.374756
Thailand,,,,,,13.49410514,12.69601397,10.83327897,15.87990872,19.54020663,35.39700487,35.70427113,47.39106566,41.08674958,54.39462777,68.96984157,59.37429738,58.76256154,91.08934553,122.4273362,198.7089278,53.479265,,,,,,,,,,,,,,,,,,2558.11642,2397.365129,2631.371671,2683.183471,3288.97,3620.44,3992.36992,4132.039936
Timor-Leste,,,,,,,,,,,,,,,,,,,,,,,,,,,,,,,,,,,,,0.524060412,3.323008371,15.58403286,85.57067806,103.374566,104.7523106,107.0233504,7.77079338,27.6157799,158.8131,237.380392
Togo,,,,,4.8815007,6.0658971,5.8129196,8.1569625,10.937008,10.069497,9.1916134,8.317035,7.7813492,8.2872775,8.1243754,7.3898814,11.071137,12.34126,13.644534,12.824118,13.428104,12.654777,16.245309,6.0495282,4.0759742,4.900346,6.8008669,10.3911569,6.05303715,6.0549054,6.7277523,5.2957654,17.03041695,28.32586265,34.2921083,35.40119011,38.63335647,47.15536486,57.6277292,72.00124329,62.78910316,92.23590909,153.2602177,177.9335628,153.7897682,89.395658,
Tonga,,0.042016432,0.048828092,0.214453942,0.142273019,0.103416423,0.354385941,0.494532884,,,,,0.85082305,1.50117696,1.7017482,0.979246474,2.905547007,3.99213926,0.982477361,1.81282028,1.21667767,1.13179738,1.21437371,2.45406433,,,,,,,,10.80051168,15.9629763,9.80499509,10.82190601,11.70023968,11.96828836,11.24168886,11.65448605,8.952076526,5.955540331,5.355861717,7.084416895,5.3829395,,,
Trinidad and Tobago,,,,,,11.7522483,8.0466825,11.375,14.7083333,17.4583333,31.4166663,51.5000003,59.958333,73.875,80.125,53.673469,28.6944447,21.0000002,24.5073168,19.4823532,21.6,19.2235292,20.6823533,14.2774476,8.8271097,14.3414472,,,,,,,,,,,,,,,,,,,,,
Tunisia,,,,,,,20.9900301,23.31274,28.834312,22.1422637,22.2247378,22.276037,16.9294256,16.2058636,15.4473286,16.7765967,8.815797,9.6541113,5.8288362,9.4804619,12.5237191,10.815244,12.4373422,13.947812,18.7829785,35.950304,20.5463619,37.977832,29.8579554,21.0752595,26.9938349,20.9214832,12.9419488,17.1522813,12.9268815,15.64627598,16.4534851,15.21822545,15.74494275,12.88626391,13.34357971,19.03702037,18.43917899,19.57334619,28.45067519,26.457656,
Turkey,,,,,,,,,,,,,,,,,,,,,,,,,,,,,,,,,,,,108,124,124,126,157,190,268,404,689,815,850,1128.999936
Turkmenistan,,,,,,,,,,,,,,,,,,,,,,,,,,,7.25,4.4,,,,,,,,,,,,,,,,,,,
Turks and Caicos Islands,,,,,,,,,,,,,,,,,,,,,,,,,,,,,,,,,,,,,,,,,,,,,,,
Tuvalu,,,,,,,,,,,,,,,,,,,,,,,,,,,,,,,,,,,,0.704863533,1.223669052,1.358076602,1.368083914,1.383529525,1.911742939,2.390233423,2.662843811,2.37807326,,,
Uganda,,,,,,,,,,,4.1,0.5,,,,,,,,,,,,,,,,,,229.1,353.4,354.500503,357.397448,182.352851,194.353741,197.0114808,206.068762,235.7138175,381.0438921,482.6156264,331.7297702,401.507898,328.7313855,370.955591,303.6065012,280.161624,270.644856
Ukraine,,,,,,,,,,,,,,,,,,,,,,,,,,,1,4,3,3,10,5,15,29,20,186,255,353,714,613,703,849,1003,1716,1702,627,559
United Arab Emirates,,,,,,,,,,,,,,,,,,,,,,,,,,,,3185.84082,3430.905273,3635.125977,3675.969971,3910.143066,4138.870117,4389.380371,4648.060059,5372.362305,6072.157715,8682.610352,9994.553711,9531.59082,10566.44922,11220.04395,14398.14844,17933.00586,19280,,
United Kingdom,,,,,,,,,,,,,,,,,,1581,1624,1735,2033,2007,1981,1579,2076,2585,2007,2480,2289,2038,2048,3340,2438,2626,3552,9643.117679,10645.65138,11596.56848,11211.83719,9274.761989,9565.109385,9931.10101,10077.4352,10528.12566,11569.36523,10705.71238,10060.35891
United States,650,700,670,710,680,590,650,1060,1170,1220,1360,4720,5140,5450,5990,6330,8660,8810,9010,10220,11850,13920,16150,18030,20350,22160,23700,25570,27390,33300,34400,38200,40200,40000,43400,47254,50756,52650,55527,50723,50776,50556,52652,55669,58754,62500.99917,66648.99994
Uruguay,,,,,,,,,,1.3,,,,,,,,,,,,,,,,,,,,,,,,1.421609,1.77,2.176,2.843,3.536,4.678,5.629,6.651,7.211,10.014,10.789,10.073,9.365614,9.137851
Uzbekistan,,,,,,,,,,,,,,,,,,,,,,,,,,,,,,,,,,,,,,,,,,,,,,,
Vanuatu,,,,,,,,,,,,,17.0880648,12.02604523,14.64795622,15.12290065,13.90514663,17.75385925,16.21709615,15.61181983,12.43582527,13.18979575,22.1515262,14.9702875,14.9037876,18.1644222,72.111373,59.535082,60.4038837,88.2649552,72.6507849,78.2122964,2.14816394,2.71977187,2.9798217,3.001021456,3.138417383,2.625059278,2.549130441,2.694966433,3.076580168,3.53476946,2.382241232,2.44415098,3.71494769,3.331006875,
"Venezuela, RB",87,80,90,106,136,144,170,232,372,389,418,383,615,187,208,217,185,215,211,368,701,677,858,729,609,203,290,211,261,195,331,406,383,209,214,211,257,662,841,582,805,782,899,1117,193,105,54
Vietnam,,,,,,,,,,,,,,,,,,,,,,,,,,,,,,,,,,,,,,,,,,,,,,,
Virgin Islands (U.S.),,,,,,,,,,,,,,,,,,,,,,,,,,,,,,,,,,,,,,,,,,,,,,,
West Bank and Gaza,,,,,,,,,,,,,,,,,,,,,,,,,,19,17.9,21.945,5.44489496,5.68722831,6.02105489,5.44047177,5.64842384,21.97235524,12.66251142,6.4756434,6.788488227,7.929238586,8.299895332,7.912044442,18.12745145,47.91510824,48.10983051,54.3147109,36.12891412,32.08448094,23.41934694
"Yemen, Rep.",,,,,,,,,,,,,,,,,,,,,106,125,93.8,94.3,68.4,61.2,59.6,41.4,42.7,27,60.504,63.604,64.304,59.994067,108.315471,109.49591,120.44,318.72,336.84,336.84,338.32,333.42,337.707048,333.295533,335.395533,333.38952,
Zambia,,,,,,,,,70.3,113.9,82.4,69.4,36.8,39,25.8,23.7,41.9,19.1,23.6,25.7,17.5,20.1,,,,,,59,39.2,21.8,24.1,28.4,37.5,71.5,76.1,93.662,115.457,123.93,138.885,65.617,68.063986,70.41382516,96.922,77.32447074,81.19988114,72.1047,63.405836
Zimbabwe,,,,,,,,40.21849879,42.23323256,94.78364857,134.9779657,122.065969,110.7257788,83.2721972,62.7169395,15.2546072,20.0791936,16.7802817,15.4890004,15.8532009,16.4769566,10.0943808,10.7614365,7.7113116,7.23185955,,,,,,,,,,,,,,,,,,,,,,
